-- MySQL dump 10.13  Distrib 5.5.59, for debian-linux-gnu (x86_64)
--
-- Host: localhost    Database: aaue_2017
-- ------------------------------------------------------
-- Server version	5.5.59-0+deb8u1

/*!40101 SET @OLD_CHARACTER_SET_CLIENT=@@CHARACTER_SET_CLIENT */;
/*!40101 SET @OLD_CHARACTER_SET_RESULTS=@@CHARACTER_SET_RESULTS */;
/*!40101 SET @OLD_COLLATION_CONNECTION=@@COLLATION_CONNECTION */;
/*!40101 SET NAMES latin1 */;
/*!40103 SET @OLD_TIME_ZONE=@@TIME_ZONE */;
/*!40103 SET TIME_ZONE='+00:00' */;
/*!40014 SET @OLD_UNIQUE_CHECKS=@@UNIQUE_CHECKS, UNIQUE_CHECKS=0 */;
/*!40014 SET @OLD_FOREIGN_KEY_CHECKS=@@FOREIGN_KEY_CHECKS, FOREIGN_KEY_CHECKS=0 */;
/*!40101 SET @OLD_SQL_MODE=@@SQL_MODE, SQL_MODE='NO_AUTO_VALUE_ON_ZERO' */;
/*!40111 SET @OLD_SQL_NOTES=@@SQL_NOTES, SQL_NOTES=0 */;

--
-- Table structure for table `tr2018_FAQ`
--

DROP TABLE IF EXISTS `tr2018_FAQ`;
/*!40101 SET @saved_cs_client     = @@character_set_client */;
/*!40101 SET character_set_client = utf8 */;
CREATE TABLE `tr2018_FAQ` (
  `id` int(11) NOT NULL AUTO_INCREMENT,
  `questao` text,
  `resposta` text,
  PRIMARY KEY (`id`)
) ENGINE=InnoDB AUTO_INCREMENT=9 DEFAULT CHARSET=latin1;
/*!40101 SET character_set_client = @saved_cs_client */;

--
-- Dumping data for table `tr2018_FAQ`
--

LOCK TABLES `tr2018_FAQ` WRITE;
/*!40000 ALTER TABLE `tr2018_FAQ` DISABLE KEYS */;
INSERT INTO `tr2018_FAQ` VALUES (1,'Onde posso encontrar os boletins para preencher?','Os boletins estarão disponíveis na AAUE bem como no pavilhão da UE durante o decorrer dos jogos.'),(2,'Como é que sei o número dos jogos para poder preencher o boletim?','Será disponibilizado um calendário no evento do Torneio do Reitor bem como no Site do torneio onde estão identificados os números dos jogos.'),(3,'O pagamento do boletim é feito no ato do levantamento do mesmo ou na entrega?','Na entrega.'),(4,'Quais os locais onde se podem entregar os boletins?','Apenas no pavilhão e em dias de jogos: poderá ser entregue a partir de 20 minutos antes do primeiro jogo do dia.'),(5,'Eu fico com algum comprovativo do boletim?','Sim. É tirada uma foto no ato da entrega e enviada para o teu e-mail.'),(6,'Eu fico com algum comprovativo do boletim?','Sim. É tirada uma foto no ato da entrega e enviada para o teu e-mail.'),(7,'Os resultados contam até ao prolongamento e penalties, caso haja?','Não. Para o Reitor Tips só conta o resultado em tempo regulamentar.'),(8,'Quando e onde é que posso levantar os meus prémios?','No fim do Torneio do Reitor será enviado e-mail para os vencedores. Poderão, depois disso, deslocar-se à AAUE para levantarem o seu prémio.');
/*!40000 ALTER TABLE `tr2018_FAQ` ENABLE KEYS */;
UNLOCK TABLES;

--
-- Table structure for table `tr2018_calendario`
--

DROP TABLE IF EXISTS `tr2018_calendario`;
/*!40101 SET @saved_cs_client     = @@character_set_client */;
/*!40101 SET character_set_client = utf8 */;
CREATE TABLE `tr2018_calendario` (
  `jornada` int(11) DEFAULT NULL,
  `dia` date DEFAULT NULL,
  `hora` time DEFAULT NULL,
  `equipas` text,
  `resultado` text,
  `grupo` int(11) DEFAULT NULL
) ENGINE=InnoDB DEFAULT CHARSET=latin1;
/*!40101 SET character_set_client = @saved_cs_client */;

--
-- Dumping data for table `tr2018_calendario`
--

LOCK TABLES `tr2018_calendario` WRITE;
/*!40000 ALTER TABLE `tr2018_calendario` DISABLE KEYS */;
INSERT INTO `tr2018_calendario` VALUES (1,'2017-03-20','19:00:00','Psicologia VS NETUE','6 - 2',1),(1,'2017-03-20','20:00:00','Informática VS Geografia 2017','1 - 4',2),(1,'2017-03-20','21:00:00','Mão no Canhão VS NEBUE','0 - 5',3),(1,'2017-03-20','22:00:00','Cuidado Qu\'é Desporto VS NEBIOQUE','5 - 1',1),(1,'2017-03-20','23:00:00','RP VS C.F Canelas 2017','3 - 8',3),(1,'2017-03-22','20:00:00','Ri Paco Nassa VS Mecatrons','0 - 5',1),(1,'2017-03-22','21:00:00','Los Macarenas VS Geologia','4 - 1',3),(1,'2017-03-22','22:00:00','Dream Team VS F.C Baile de Munique','9 - 2',2),(2,'2017-03-22','23:00:00','NETUE VS NEBIOQUE','1 - 5',1),(2,'2017-03-27','19:00:00','Economia VS Geografia 2017','7 - 1',2),(2,'2017-03-27','20:00:00','Geologia Vs NEBUE','2 - 5',3),(2,'2017-03-27','21:00:00','Mecatrons VS Cuidado Qu\'é Desporto ','1 - 3',1),(2,'2017-03-27','22:00:00','F.C Baile de Munique Vs Informática','2 - 6',2),(2,'2017-03-27','23:00:00','C.F Canelas 2017 VS Mão no Canhão','6 - 4',3),(2,'2017-03-29','19:00:00','Psicologia VS RI Paco Nassa','4 - 3',1),(3,'2017-03-29','22:00:00','NEBIOQUE VS Mecatrons','2 - 5',1),(3,'2017-03-29','23:00:00','Geografia 2017 VS F.C Baile de Munique ','0 - 6',2),(3,'2017-04-03','19:00:00','RI Paco Nassa VS NETUE','ADIADO',1),(3,'2017-04-03','20:00:00','RP VS Geologia','ADIADO',3),(3,'2017-04-03','21:00:00','Cuidado Qu\'é Desporto VS Psicologia','3 - 3',1),(3,'2017-04-03','22:00:00','Dream Team VS Economia','2 - 4',2),(3,'2017-04-05','21:00:00','Mão no Canhão VS Los Macarenas','0 - 6',3),(3,'2017-04-05','22:00:00','NEBUE VS C.F Canelas 2017','4 - 3',3),(3,'2017-04-05','23:00:00','Informática VS 3ºDesporto','2 - 3',2),(4,'2017-04-03','23:00:00','F.C Baile de Munique VS 3ºDesporto','4 - 2',2),(4,'2017-04-05','19:00:00','Economia VS Geografia 2017','ADIADO',2),(4,'2017-04-05','20:00:00','Mecatrons VS Psicologia','2 - 3',1),(4,'2017-04-18','19:00:00','RP VS Geologia','3 - 6',3),(4,'2017-04-18','20:00:00','RI Paco Nassa VS NETUE','6 - 3',1),(4,'2017-04-18','22:00:00','Psicologia VS NEBIOQUE','5 - 3',1),(1,'2017-04-18','23:00:00','3º Desporto VS Economia','1 - 0',2),(4,'2017-04-19','19:00:00','Economia VS Informática','5 - 3',2),(4,'2017-04-19','20:00:00','NETUE VS Cuidado Qu’é Desporto','4 - 14',1),(2,'2017-04-19','22:00:00','Los Macarenas VS RP','12 - 0',3),(2,'2017-04-19','23:00:00','3º Desporto VS Dream Team','4 - 3',2),(4,'2017-04-20','19:00:00','Geologia VS Mão no Canhão','6 - 3',3),(4,'2017-04-20','20:00:00','NEBIOQUE vs RI Paco Nassa','0 - 3',1),(4,'2017-04-20','23:00:00','C.F. Canelas 2017 VS Los Macarenas','2 - 6',3),(5,'2017-04-26','19:00:00','F.C Baile de Munique VS Economia','4 - 9',2),(5,'2017-04-26','20:00:00','NEBUE VS Los Macarenas','3 - 4',3),(5,'2017-04-26','21:00:00','Mecatrons vs NETUE','10 - 1',1),(5,'2017-04-27','20:00:00','Mão no Canhão VS RP','8 - 5',3),(5,'2017-05-03','21:00:00','NEBUE VS RP','6 - 4',3),(5,'2017-05-03','23:00:00','Cuidado Qu\'é Desporto VS RI Paco Nassa','5 - 1',1),(5,'2017-05-04','21:00:00','C.F. Canelas 2017 VS Geologia','4 - 4',3),(5,'2017-05-08','22:00:00','3º Desporto VS Geografia 2017','4 - 2',2),(5,'2017-05-08','23:00:00','Informática VS Dream Team','4 - 6',2),(4,'2017-05-09','23:00:00','Geografia 2017 VS Dream Team','4 - 5',2),(0,'2017-05-10','19:00:00','Psicologia VS ECONOMIA *','1 - 11',4),(0,'2017-05-10','20:00:00','* CUIDADO QU\'É DESPORTO VS Mecatrons','5 - 2',4),(0,'2017-05-10','22:00:00','Los Macarenas VS DREAM TEAM *','2 - 7',4),(0,'2017-05-10','23:00:00','* 3º DESPORTO VS NEBUE','6 - 1',4),(0,'2017-05-15','22:00:00','Dream Team VS ECONOMIA *','3 - 5',5),(0,'2017-05-15','23:00:00','* 3º DESPORTO VS Cuidado Qu\'é Desporto','3 - 1',5),(0,'2017-05-17','22:00:00','Dream Team VS CUIDADO QU\'É DESPORTO *','6 - 6 p',6),(0,'2017-05-22','22:30:00','Economia VS 3º Desporto',' - ',7);
/*!40000 ALTER TABLE `tr2018_calendario` ENABLE KEYS */;
UNLOCK TABLES;

--
-- Table structure for table `tr2018_equipas`
--

DROP TABLE IF EXISTS `tr2018_equipas`;
/*!40101 SET @saved_cs_client     = @@character_set_client */;
/*!40101 SET character_set_client = utf8 */;
CREATE TABLE `tr2018_equipas` (
  `id` int(11) NOT NULL AUTO_INCREMENT,
  `nome` text,
  `pontos` int(11) DEFAULT NULL,
  `jogos` int(11) DEFAULT NULL,
  `gm` int(11) DEFAULT NULL,
  `gs` int(11) DEFAULT NULL,
  `grupo` int(11) DEFAULT NULL,
  `cart_verm` int(11) DEFAULT '0',
  `cart_amrl` int(11) DEFAULT '0',
  `castigos` int(11) DEFAULT '0',
  `pts_fairplay` int(11) DEFAULT '0',
  PRIMARY KEY (`id`)
) ENGINE=InnoDB AUTO_INCREMENT=19 DEFAULT CHARSET=latin1;
/*!40101 SET character_set_client = @saved_cs_client */;

--
-- Dumping data for table `tr2018_equipas`
--

LOCK TABLES `tr2018_equipas` WRITE;
/*!40000 ALTER TABLE `tr2018_equipas` DISABLE KEYS */;
INSERT INTO `tr2018_equipas` VALUES (1,'NETUE',0,5,11,41,1,0,6,0,37),(2,'Cuidado Qu\'é Desporto',13,5,30,10,1,0,2,0,31),(3,'Mecatrons',9,5,23,9,1,0,4,0,32),(4,'Psicologia',13,5,21,13,1,1,5,1,48),(5,'RI Paco Nassa',6,5,17,13,1,0,3,0,34),(6,'NEBIOQUE',3,5,11,19,1,0,2,0,24),(7,'Economia',12,5,25,11,2,0,6,0,40),(8,'Informática',3,5,16,20,2,1,3,1,40),(9,'F.C Baile de Munique',6,5,19,26,2,0,3,0,32),(10,'3ºDesporto',12,5,14,11,2,0,5,0,56),(11,'Dream Team',9,5,25,18,2,1,4,1,14),(12,'Geografia 2017',3,5,11,23,2,2,2,2,29),(13,'Geologia',7,5,19,19,3,0,1,0,23),(14,'Mão no Canhão',1,5,15,28,3,0,0,0,17),(15,'C.F Canelas 2017',7,5,23,21,3,0,2,0,32),(16,'Los Macarenas',15,5,32,6,3,0,1,0,15),(17,'RP',0,5,15,40,3,0,0,0,7),(18,'NEBUE',12,5,23,13,3,1,4,1,26);
/*!40000 ALTER TABLE `tr2018_equipas` ENABLE KEYS */;
UNLOCK TABLES;

--
-- Table structure for table `tr2018_grupos`
--

DROP TABLE IF EXISTS `tr2018_grupos`;
/*!40101 SET @saved_cs_client     = @@character_set_client */;
/*!40101 SET character_set_client = utf8 */;
CREATE TABLE `tr2018_grupos` (
  `id` int(11) NOT NULL AUTO_INCREMENT,
  `nome` text,
  PRIMARY KEY (`id`)
) ENGINE=InnoDB AUTO_INCREMENT=8 DEFAULT CHARSET=latin1;
/*!40101 SET character_set_client = @saved_cs_client */;

--
-- Dumping data for table `tr2018_grupos`
--

LOCK TABLES `tr2018_grupos` WRITE;
/*!40000 ALTER TABLE `tr2018_grupos` DISABLE KEYS */;
INSERT INTO `tr2018_grupos` VALUES (1,'Grupo A'),(2,'Grupo B'),(3,'Grupo C'),(4,'Quartos de Final'),(5,'Meia Final'),(6,'3/4 Lugar'),(7,'FINAL');
/*!40000 ALTER TABLE `tr2018_grupos` ENABLE KEYS */;
UNLOCK TABLES;

--
-- Table structure for table `tr2018_jogadores`
--

DROP TABLE IF EXISTS `tr2018_jogadores`;
/*!40101 SET @saved_cs_client     = @@character_set_client */;
/*!40101 SET character_set_client = utf8 */;
CREATE TABLE `tr2018_jogadores` (
  `id` int(11) NOT NULL AUTO_INCREMENT,
  `nomeJogador` text,
  `equipaId` int(11) DEFAULT NULL,
  `golos` int(11) DEFAULT NULL,
  `sexo` text,
  `amarelos` int(11) DEFAULT NULL,
  `vermelhos` int(11) DEFAULT NULL,
  `castigos` int(11) DEFAULT NULL,
  PRIMARY KEY (`id`)
) ENGINE=InnoDB AUTO_INCREMENT=195 DEFAULT CHARSET=latin1;
/*!40101 SET character_set_client = @saved_cs_client */;

--
-- Dumping data for table `tr2018_jogadores`
--

LOCK TABLES `tr2018_jogadores` WRITE;
/*!40000 ALTER TABLE `tr2018_jogadores` DISABLE KEYS */;
INSERT INTO `tr2018_jogadores` VALUES (1,'Francisco Meneses',1,3,'M',0,0,0),(2,'Gonçalo Passinhas',1,0,'M',1,0,0),(3,'André Alves',1,0,'M',1,0,0),(4,'Miguel Canelas',1,1,'M',0,0,0),(5,'Tomás Ruivo',1,1,'M',1,0,0),(6,'Daniel Almeida',1,0,'M',0,0,0),(7,'Henrique Mira',1,1,'M',1,0,0),(8,'Eduardo Rodrigues',1,0,'M',0,0,0),(9,'Tiago Perdigão',1,3,'M',1,0,0),(10,'Jorge Figueira',1,2,'M',1,0,0),(11,'João Mota',4,0,'M',0,0,0),(12,'João Varela',4,1,'M',0,0,0),(13,'Bruno Tasanis',4,0,'M',0,0,0),(14,'João Afonso',4,3,'M',0,0,0),(15,'Bruno Curvo',4,2,'M',2,1,1),(16,'Bruno Rijo',4,2,'M',1,0,0),(17,'Leonardo Marques',4,1,'M',1,0,0),(18,'Luis Nepomuceno',4,8,'M',2,0,0),(19,'Gabriel Tomás',4,1,'M',0,0,0),(20,'Emanuel Botas',4,2,'M',0,0,0),(21,'Gabriel Zuna',4,2,'M',0,0,0),(22,'Diogo Mendes',4,0,'M',0,0,0),(23,'Bernardo Nobre',2,0,'M',0,0,0),(24,'João Lopes',2,1,'M',0,0,0),(25,'Afonso Serpins',2,0,'M',0,0,0),(26,'João Monte',2,6,'M',0,0,0),(27,'Pedro Ferreira',2,4,'M',1,0,0),(28,'Raul Silva',2,0,'M',0,0,0),(29,'Pedro Dionísio',2,6,'M',0,0,0),(30,'André Farinha',2,9,'M',0,0,0),(31,'João Pereira',2,0,'M',0,0,0),(32,'Rodrigo Caetano',2,4,'M',0,0,0),(33,'Pedro Marchão',2,2,'M',0,0,0),(34,'Albert Pinho',2,5,'M',1,0,0),(35,'Gonçalo Teixeira',6,0,'M',0,0,0),(36,'Pedro Fernandes',6,0,'M',0,0,0),(37,'Emanuel Lopes',6,2,'M',0,0,0),(38,'Ruben Duarte',6,2,'M',1,0,0),(39,'Pedro Alves',6,0,'M',0,0,0),(40,'Miguel Silvério',6,0,'M',0,0,0),(41,'Miguel Ferreyra',6,1,'M',0,0,0),(42,'Nuno Torres',6,4,'M',1,0,0),(43,'Luís Galvão',6,1,'M',0,0,0),(44,'Miguel Marcelino',6,0,'M',0,0,0),(45,'João Paixão',6,1,'M',0,0,0),(46,'João Oliveira',6,0,'M',0,0,0),(47,'Adriano Relvas',3,0,'M',0,0,0),(48,'Cláudio Barbeiro',3,10,'M',0,0,0),(49,'Pedro Canhão',3,2,'M',0,0,0),(50,'João Gomes',3,0,'M',2,0,0),(51,'Jorge Palhais',3,1,'M',1,0,0),(52,'Jorge Gonçalves',3,1,'M',1,0,0),(53,'Francisco Serrano',3,0,'M',0,0,0),(54,'Vitor Vieira',3,1,'M',0,0,0),(55,'Rui Rodrigues',3,7,'M',0,0,0),(56,'Alexandre Nogueira',3,2,'M',0,0,0),(57,'Duarte Guerreiro',3,0,'M',0,0,0),(58,'Pedro Patrão',3,1,'M',0,0,0),(59,'Diogo Pombo',5,0,'M',0,0,0),(60,'Fábio Jaló',5,0,'M',1,0,0),(61,'Diogo Peças',5,1,'M',0,0,0),(62,'Yaroslav Moroz',5,0,'M',0,0,0),(63,'David Nascimento',5,5,'M',2,0,0),(64,'Guilherme Percheiro',5,0,'M',0,0,0),(65,'Henrique Barradas',5,3,'M',0,0,0),(66,'Ricardo Pereira',5,0,'M',0,0,0),(67,'André Carvalho',7,0,'M',0,0,0),(68,'Nelson Muacho',7,0,'M',0,0,0),(69,'Carlos Nobre',7,18,'M',1,0,0),(70,'Rogério Galandim',7,12,'M',0,0,0),(71,'João Reis',7,1,'M',0,0,0),(72,'Rafael Costa',7,3,'M',0,0,0),(73,'Diogo Ilhéu',7,0,'M',0,0,0),(74,'Simão Serra',7,3,'M',0,0,0),(75,'Manuel Rosa',7,0,'M',2,0,0),(76,'Tiago Pardal',7,1,'M',0,0,0),(77,'Luís Nora',7,0,'M',0,0,0),(78,'João Carapinha',10,0,'M',0,0,0),(79,'André Oliveira',10,0,'M',0,0,0),(80,'Diogo Salgado',10,3,'M',1,0,0),(81,'João Nobre',10,5,'M',2,0,0),(82,'João Rosa',10,0,'M',0,0,0),(83,'José Quito',10,6,'M',0,0,0),(84,'João Gil',10,1,'M',0,0,0),(85,'António Lapa',10,4,'M',0,0,0),(86,'Miguel Almeida',10,1,'M',2,0,0),(87,'João Salgado',10,3,'M',0,0,0),(88,'Rodolfo França',10,0,'M',0,0,0),(89,'Alexandre Falcato',10,0,'M',0,0,0),(90,'Cláudio Lopes',10,0,'M',0,0,0),(91,'Roman Holovin',8,0,'M',0,1,1),(92,'Daniel Serrano',8,2,'M',0,0,0),(93,'Miguel Serrano',8,4,'M',0,0,0),(94,'Gonçalo Silva',8,1,'M',0,0,0),(95,'Carlos Valente',8,1,'M',1,0,0),(96,'João Marques',8,5,'M',0,0,0),(97,'Adão Lopes',8,2,'M',1,0,0),(98,'João Chiola',8,1,'M',0,0,0),(99,'Filipe Figueira',8,3,'M',1,0,0),(100,'Rui Rodrigues',8,0,'M',0,0,0),(101,'Gonçalo Sá',8,0,'M',0,0,0),(102,'João Pica',8,1,'M',0,0,0),(103,'João Afilhado',12,0,'M',0,0,0),(104,'Ruben Lopes',12,6,'M',0,0,0),(105,'Francisco Matos',12,0,'M',0,0,0),(106,'Tiago Guerra',12,0,'M',0,1,1),(107,'Pedro Murteira',12,0,'M',1,0,0),(108,'Marco Bicho',12,0,'M',0,0,0),(109,'João Bicho',12,0,'M',0,0,0),(110,'Bruno Fiéis',12,2,'M',1,0,0),(111,'Stephane Tomáz',12,2,'M',0,0,0),(112,'David Lóios',12,0,'M',0,1,1),(113,'António Castro',9,0,'M',0,0,0),(114,'David Metrogos',9,0,'M',0,0,0),(115,'Diogo Brito',9,0,'M',0,0,0),(116,'Gonçalo Seco',9,0,'M',0,0,0),(117,'Gonçalo Ascenso',9,6,'M',0,0,0),(118,'Luís Rebocho',9,5,'M',1,0,0),(119,'Ricardo Nascimento',9,7,'M',1,0,0),(120,'Miguel Vilas Boas',9,0,'M',1,0,0),(121,'João Almeida',9,0,'M',0,0,0),(122,'Henrique Jesus',11,0,'M',1,0,0),(123,'José Diogo',11,7,'M',2,1,1),(124,'Martim Cruz',11,0,'M',0,0,0),(125,'Sérgio Pagaime',11,3,'M',0,0,0),(126,'Pedro Bilou',11,1,'M',0,0,0),(127,'David Castanheira',11,0,'M',0,0,0),(128,'Rui Bento',11,12,'M',1,0,0),(129,'Gonçalo Vidigal',11,2,'M',0,0,0),(130,'Fábio Potes',11,8,'M',0,0,0),(131,'António Maia',11,3,'M',0,0,0),(132,'Manuel Silva',13,0,'M',0,0,0),(133,'João Félix',13,0,'M',0,0,0),(134,'Gregório Serrão',13,1,'M',0,0,0),(135,'João Almeida',13,12,'M',0,0,0),(136,'Rafael Valongo',13,4,'M',1,0,0),(137,'Diogo São Pedro',13,1,'M',0,0,0),(138,'Mário Almeida',13,1,'M',0,0,0),(139,'Daniel Gomes',13,0,'M',0,0,0),(140,'Luís Mendes',14,0,'M',0,0,0),(141,'António Soares',14,0,'M',0,0,0),(142,'Francisco Guerreiro',14,3,'M',0,0,0),(143,'Tiago Martins',14,0,'M',0,0,0),(144,'Luís Fernandes',14,2,'M',0,0,0),(145,'Miguel Santos',14,2,'M',0,0,0),(146,'Abel Matroca',14,1,'M',0,0,0),(147,'Vasco Gato',14,1,'M',0,0,0),(148,'Henrique Pinto',14,5,'M',0,0,0),(149,'Fábio Ferreira',14,0,'M',0,0,0),(150,'Diogo Sanches',14,0,'M',0,0,0),(151,'Renato Oliveira',14,1,'M',0,0,0),(152,'Diogo Fernandes',15,0,'M',0,0,0),(153,'Luís Santos',15,1,'M',0,0,0),(154,'José Espanhol',15,0,'M',0,0,0),(155,'Hélder Correia',15,4,'M',0,0,0),(156,'Gonçalo Almeida',15,4,'M',1,0,0),(157,'Pedro Seabra',15,7,'M',0,1,0),(158,'João Barreiros',15,5,'M',0,0,0),(159,'Duarte Rochinha',15,1,'M',0,0,0),(160,'Ricardo Gomes',15,0,'M',0,0,0),(161,'Luís Ralo',16,0,'M',0,0,0),(162,'João Freixial',16,1,'M',0,0,0),(163,'Pedro Pirraça',16,1,'M',1,0,0),(164,'Marco Mira',16,1,'M',0,0,0),(165,'Marco Barradas',16,3,'M',0,0,0),(166,'Francisco Manteigas',16,4,'M',0,0,0),(167,'André Fonseca',16,2,'M',0,0,0),(168,'Tiago Rolim',16,8,'M',0,0,0),(169,'Gonçalo Oliveira',16,4,'M',0,0,0),(170,'Miguel Sequeira',16,7,'M',0,0,0),(171,'David Azinhaga',16,0,'M',0,0,0),(172,'Duarte Baião',16,3,'M',0,0,0),(173,'Miguel Luís',17,0,'M',0,0,0),(174,'Afonso Franco',17,3,'M',0,0,0),(175,'João Barreto',17,4,'M',0,0,0),(176,'Francisco Isidoro',17,1,'M',0,0,0),(177,'Vasco Almeida',17,5,'M',0,0,0),(178,'João Balona',17,3,'M',0,0,0),(179,'Gabriel Navarro',17,0,'M',0,0,0),(180,'Luís Bento',18,2,'M',0,0,0),(181,'Rafael Diogo',18,0,'M',0,0,0),(182,'Marvin Freira',18,8,'M',0,0,0),(183,'João Nunes',18,0,'M',0,0,0),(184,'Pedro Caldeira',18,0,'M',0,0,0),(185,'Tiago Mateus',18,2,'M',2,1,1),(186,'Marco Morais',18,2,'M',0,0,0),(187,'Hugo Rodrigues',18,0,'M',0,0,0),(188,'Manuel Plácido',18,4,'M',1,0,0),(189,'Rafael Gonçalves',18,0,'M',1,0,0),(190,'Duarte Marques',18,2,'M',0,0,0),(191,'Luís Nobre',18,1,'M',0,0,0),(192,'Daniel Casbarra',5,2,'M',0,0,0),(193,'Diogo Marques',7,2,'M',2,0,0),(194,'Afonso Mósca',7,1,'M',0,0,0);
/*!40000 ALTER TABLE `tr2018_jogadores` ENABLE KEYS */;
UNLOCK TABLES;

--
-- Table structure for table `tr2018_noticias`
--

DROP TABLE IF EXISTS `tr2018_noticias`;
/*!40101 SET @saved_cs_client     = @@character_set_client */;
/*!40101 SET character_set_client = utf8 */;
CREATE TABLE `tr2018_noticias` (
  `data` date DEFAULT NULL,
  `titulo` text,
  `corpo` text
) ENGINE=InnoDB DEFAULT CHARSET=latin1;
/*!40101 SET character_set_client = @saved_cs_client */;

--
-- Dumping data for table `tr2018_noticias`
--

LOCK TABLES `tr2018_noticias` WRITE;
/*!40000 ALTER TABLE `tr2018_noticias` DISABLE KEYS */;
INSERT INTO `tr2018_noticias` VALUES ('2017-03-17','Sorteio das equipas para o XV Torneio do Reitor Masculino','O sorteio das equipas para o Torneio do Reitor Masculino irá ter lugar amanhã, dia 18 de Março por volta das 15h, na sede da AAUÉ.\n<br><br> A AAUÉ convida os responsáveis de cada equipa a estarem presentes no sorteio, sendo que na indisponibilidade de comparecerem, poderão acompanhar a transmissão do sorteio em direto através da nossa página de Facebook.'),('2017-03-18','Equipas sorteadas','As equipas foram sorteadas hoje e foram agendados os jogos para as próximas 2 semanas. Poderão ver o calendário para os jogos no site.'),('2017-03-19','XV Torneio do Reitor terá início amanhã.','O XV Torneio do Reitor terá início amanhã com os primeiros 5 jogos que terão lugar entre as 19h e as 23h.'),('2017-03-26','Arranque do XV Torneio do Reitor','O XV Torneio do Reitor teve início na passada segunda-feira, dia 20/3. O pontapé de saída do jogo inaugural deste Torneio do Reitor foi dado pela presidente da Associação Académica da Universidade de Évora, Beatriz Azaruja.\n\n<br><br>O primeiro jogo foi disputado às 19H e colocou frente-a-frente a equipa de Psicologia e NETUE – Turismo Doutromundo. Psicologia levou a melhor, terminando a partida a vencer por seis bolas a duas. A equipa de Psicologia foi para o intervalo já a ganhar mas apenas por 1-0, tento apontado pelo Luís Nepomuceno. Na segunda parte os golos começaram a aparecer tendo o Bruno Curvo bisado na partida e o João Afonso feito o primeiro hat-trick deste torneio. Para a equipa de turismo marcaram o Henrique Mira e o Tiago Perdigão.\n<br><br> Logo depois, no 2º jogo do torneio, Informática vs Geografia 2017, os geógrafos levam a melhor. A primeira parte acaba empatada com uma bola para cada lado, golos de Adão Lopes (Informática) e Bruno Fiéis (Geografia 2017). Na segunda parte, Geografia 2017 meteu o pé no acelerador e somou mais 3 golos ao placard, terminando assim o jogo com 1-4 no marcador. Marcaram na segunda parte para Geografia 2017: Bruno Fiéis, Ruben Lopes e Stephane Tomaz (o guarda-redes da equipa!).\n<br><br>No terceiro jogo mediram forças as equipas Mão no Canhão (Medicina Veterinária) e NEBUE (Biotecnologia). No final da primeira parte NEBUE já ganhava por três bolas a zero, golos de Marvin Freira e Manuel Plácido. O jogo viria a terminar com uma confortável vitória de NEBUE por 0-5, marcando na segunda parte Marvin Freira (fazendo assim um hat-trick) e Marco Morais.\n<br><br>O quarto jogo deste torneio foi disputado entre Cuidado Qu\'é Desporto (equipa de 1º ano de Ciências do Desporto) e NEBIOQUE (Bioquímica). Na primeira parte a equipa de desporto ganhava por 1-0 com golo de André Farinha. Na segunda parte soma mais 4 golos ao placard, tendo marcado por desporto o André Farinha (bisou na partida), Pedro Ferreira, Pedro Dionísio e Pedro Ferrão. Os bioquímicos viriam a marcar mais um golo pelos pés de Emanuel Lopes, terminando assim o encontro 4-1.\n<br><br>O último jogo do dia foi jogado entre RP (Reabilitação Psicomotora) e F.C. Canelas 2017 (Gestão). Na primeira parte estava um igual, tendo marcado para RP o Francisco Isidoro e tendo a equipa ainda marcado um autogolo. Na segunda parte o F.C. Canelas 2017 dilata o marcador, terminando a partida com um esmagador 3-8 para os gestores. Francisco Isidoro ainda marcou mais um golo na segunda parte, enquanto para o Canelas 2017 marcaram: Helder Correia, Gonçalo Almeida, Pedro Seabra (2) e João Barreiros (3).\n<br><br>Na quarta-feira, dia 22/3 voltámos aos jogos. O primeiro jogo do dia teve que ser adiado por motivos de força maior, ficando para dia e hora a confirmar. A bola começou a rolar com as equipas de RI Paco Nassa (Relações Internacionais) e Mecatrons (Engenharia Mecatrónica) a defrontarem-se. Os engenheiros levaram a melhor sobre os diplomatas, tendo vencendo o encontro por 0-5. Para os Mecatrons marcaram Rui Rodrigues (fazendo o primeiro poker do torneio) e o Cláudio Barbeiro.\n<br><br>O jogo seguinte sorriu aos Los Macarenas (equipa de 2º ano de Ciências do Desporto) que venceu 4-1 à equipa de Geologia. A primeira parte termina com 2-0 no marcador com os tentos a serem apontados por Duarte Baião e Pedro Pirraça. Na segunda parte marcaram por Los Macarenas o Tiago Rolim e o Miguel Sequeira, e por Geologia marcou Rafael Valongo.\n<br><br>O penúltimo jogo do dia foi disputado entre a Dream Team (equipa de Gestão) e F.C. Baile de Munique (equipa de Enfermagem). Os gestores levaram a melhor, mas o jogo não esteve desde logo resolvido. A primeira parte termina com um igual no marcador com golos de Fábio Potes (Dream Team) e Fábio Ascenso (F.C. Baile de Munique). Na segunda parte, a Dream Team cilindra o adversário somando 8 golos ao tento solitário da primeira parte. Marcaram para a equipa de gestão na segunda parte: Fábio Potes, José Diogo (2), Pedro Bilo, Rui Bento (3) e António Maia. Os enfermeiros ainda reduziram, somando um golo ao primeiro da primeira parte, da autoria de Luís Rebocho.\n<br><br>Por fim, o dia termina com o encontro entre NETUE – Turismo Doutromundo e NEBIOQUE. Na primeira parte NEBIOQUE adianta-se no marcador através de Ruben Duarte. O Ruben volta a marcar na segunda parte, juntamente com Emanuel Lopes, Miguel Ferreyra e Nuno Torres. A equipa de turismo consegue ainda reduzir pelos pés de Jorge Figueira, terminando o encontro 1-5.\n<br><br>Na próxima segunda-feira, dia 27/3 a bola volta a rolar neste XV Torneio do Reitor. Em breve teremos também o VIII Torneio do Reitor Feminino. Esperamos por ti no Pavilhão da Universidade de Évora!'),('2017-04-02','Segunda semana do Torneio','A segunda semana do Torneio do Reitor arranca com uma vitória da equipa de NEBUE\na Geologia, na segunda-feira dia 27. A equipa de biotecnologia venceu o encontro por 5 bolas a\n2. Marcou por NEBUE: Marvin Freira (bisou na partida), Tiago Mateus, Manuel Plácido e\nDuarte Marques. Os geólogos a faturar no encontro foram: João Almeida e Rafael Valongo.\n<br><br>O segundo jogo do dia colocou frente-a-frente os economistas e os geógrafos. A\nequipa de Economia levou a melhor sobre Geografia 2017, vencendo por uma confortável\nvantagem: terminou 7-1. Por Economia marcaram: Carlos Nobre (fez um hat-trick), Rogério\nGalandim e Simão Serra (tendo feito também ele um hat-trick). Já por Geografia 2017, foi dos\npés de Ruben Lopes que surge o único tento apontado pela equipa.\n<br><br>O terceiro jogo do dia foi disputado de forma bastante intensa e até ao último minuto.\nO pavilhão encheu para ver a equipa Cuidado Qu’é Desporto defrontar os Mecatrons. Ao\nintervalo as equipas estavam empatadas. A partida resolveu-se na segunda parte, com\nCuidado Qu’é Desporto a impor o seu jogo. Terminou 1-3 para os desportistas. Pelos\nengenheiros marcou Vitor Vieira, e para os desportistas marcaram André Farinha (bisou na\npartida) e Albert Pinho.\n<br><br>O penúltimo jogo desta segunda foi disputado entre F.C. Baile de Munique (equipa de\nenfermagem) e Informática. No final da primeira parte o resultado era de 1-2 (para os\nengenheiros informáticos); este resultado nada fazia prever o desfecho do jogo: 2-6 com\nInformática a cilindrar os enfermeiros. Para F.C. Baile de Munique marcaram Gonçalo Ascenso\ne Ricardo Nascimento. Por Informática marcaram Carlos Valente, João Pica, João Marques,\nFilipe Figueira e Miguel Serrano (bisou).\n<br><br>O último jogo do dia foi entre a equipa F.C. Canelas 2017 (equipa de Gestão) e Mão no\nCanhão (equipa de Medicina Veterinária). O encontro foi sempre muito bem disputado, tendo\nos gestores levado a melhor. Foi uma partida recheada de golos: 6-4 para a equipa F.C. Canelas\n2017. Marcaram para a equipa de Gestão: Helder Correia, Gonçalo Almeida, Pedro Seabra\n(hat-trick) e João Barreiros. Para os médicos veterinários marcaram: Francisco Guerreiro, Abel\nMatroca e Henrique Pinto (bisou).\n<br><br>No primeiro jogo do dia 29/3 o Torneio do Reitor abriu com uma vitória da equipa de\nPsicologia sobre RI Paco Nassa por 4-3. Este foi um jogo bastante intenso, disputado até ao\núltimo segundo “taco-a-taco”. A primeira parte terminou empatada 2-2. O resultado ficou\ndecidido apenas na segunda parte, tendo faturado para os psicólogos o Leonardo Marques e o\nLuís Nepomuceno (que fez um hat-trick). Para os diplomatas de Relações Internacionais\nmarcaram o Diogo Peças e o Daniel Casbarra, tendo o terceiro tento sido um autogolo da\nequipa adversária.\n<br><br>O segundo jogo do dia foi disputado entre NEBIOQUE (equipa de Bioquímica) e\nMECATRONS (Engenharia Mecatrónica). Terminou 2-5 para os engenheiros cujos tentos foram\napontados por: Cláudio Barbeiro (bisou na partida), Pedro Patrão, Alexandre Nogueira e Pedro\nCanhão. Para os bioquímicos marcou o Nuno Torres, tendo também bisado no encontro.\n<br><br>O último jogo do dia foi disputado entre Geografia 2017 e F.C. Baile de Munique\n(equipa de enfermagem). Na primeira parte o resultado era de 0-1 para a equipa dos\nenfermeiros que rapidamente dilataram o resultado na segunda parte, tendo terminado 0-6. A\nequipa de Geografia 2017 ainda viu o seu treinador e um atleta serem expulsos, ficando desta\nforma impedidos de jogar no próximo jogo. Os golos foram marcados por: Gonçalo Ascenso,\nLuís Rebocho e um poker de Ricardo Nascimento.\n<br><br>Para a semana a bola volta a rolar. O Torneio do Reitor feminino começará ainda este\nmês, sendo que as inscrições já estão abertas!'),('2017-04-14','Reitor ao Rubro','A terceira semana do Torneio do Reitor masculino começou com um duelo bastante\naceso entre as duas primeiras equipas, até ao momento, do Grupo A. Cuidado qu’é Desporto\nenfrentou Psicologia e o resultado final foi de 3 igual. Psicologia começou a ganhar e chegou\nmesmo a ter uma vantagem de 2 golos sobre os desportistas que conseguiram reduzir a\nvantagem e empatar o jogo 2-2. Psicologia volta a passar para a frente do marcador, não tendo\nconseguido manter o resultado assim, deixando Cuidado qu’é Desporto voltar a igualar a\npartida. Resumidamente, um jogo bastante bem disputado. Para Desporto marcaram Albert\nPinho, Rodrigo Caetano e André Farinha. Por Psicologia marcaram Leonardo Marques, Gabriel\nZuna e Luís Nepomuceno.\n<br><br>O segundo jogo desta segunda-feira colocou frente-a-frente a equipa Dream Team\n(Gestão) e Economia. Na primeira parte os economistas já ganhavam o encontro por 0-2. Na\nsegunda parte as equipas empataram 2-2, tendo fixado o resultado em 2-4, levando os\neconomistas a melhor sobre os gestores. Para a Dream Team marcaram o Rui Bento e o\nAntónio Maia. Para Economia marcaram o Carlos Nobre (bisou), Rogério Galandim e Simão\nSerra. A equipa de Economia conquista assim o 1º lugar do grupo B, apenas com dois jogos\nrealizados (2 jogos, 2 vitórias). A Dream Team, com o mesmo número de jogos, desce para 3º\nlugar do grupo.\n<br><br>O último jogo do dia teve como protagonistas o F.C. Baile de Munique (equipa de\nEnfermagem) e 3º Desporto (equipa estreante neste Torneio do Reitor, visto que ainda não\ntinha realizado nenhum jogo). Foi um jogo bastante bem disputado, com F.C. Baile de Munique\nsempre por cima. Ao intervalo o placard marcava 2-1 para os enfermeiros. No final do\nencontro o resultado fixou-se em 4-2. A partida não terminou sem antes a equipa de\nEnfermagem ver o seu treinador ser expulso da quadra. Para F.C. Baile de Munique marcaram:\nGonçalo Ascenso, Luís Rebocho e Ricardo Nascimento que bisou na partida. Já para 3º\nDesporto, João Salgado apontou os dois tentos da equipa. F.C. Baile de Munique consolida\nassim o segundo lugar do grupo B, no entanto é a equipa que tem mais jogos feitos até ao\nmomento.\n<br><br>O segundo dia de jogos nesta semana abriu com um interessante jogo entre\nMecatrons (Engenharia Mecatrónica) vs Psicologia. Mecatrons queria subir na tabela\nclassificativa e, por outro lado, Psicologia queria cimentar o primeiro lugar no seu grupo. Para\na história fica um 2-3 a favor dos psicólogos que garantem assim, durante a interrupção da\nPáscoa o 1º lugar. Para os engenheiros marcaram Jorge Palhais e Cláudio Barbeiro. Já para os\npsicólogos faturaram Bruno Rijo, Luís Nepomuceno e Gabriel Zuna. A equipa de psicologia não\nterminou o jogo sem antes ver o seu treinador e jogador Bruno Curvo ser expulso.\n<br><br>Mão no Canhão (equipa de Medicina Veterinária) enfrentou Los Macarenas (equipa de\nCiências do Desporto), num jogo que teve duas partes bastante distintas. A primeira parte\ntermina com um 0-0 no placard. Um resultado que não viria a representar o que vinha a\nacontecer na segunda parte: 0-6 para os desportistas que terminam esta volta em segundo\nlugar do grupo C (com um jogo a menos que NEBUE). Para Los Macarenas marcaram: Marco\nBarradas (bisou), Tiago Rolim (bisou), Gonçalo Oliveira e Duarte Baião.\n<br><br>O terceiro jogo do dia foi disputado entre NEBUE (equipa de Bioquímica) e C.F. Canelas\n2017 (equipa de Gestão). Ao intervalo o resultado era favorável a NEBUE (1-0), tendo mesmo\nterminado com uma vitória por 4-3 sobre os gestores. No grupo C, a equipa de NEBUE termina\nassim este período com um pleno de vitórias (3 em 3 jogos) e vai para as férias da Páscoa em\n1º lugar do grupo. Para NEBUE marcaram Marvin Freira (bisou), Manuel Plácido e Duarte\nMarques. Para o C.F. Canelas 2017 marcaram Gonçalo Almeida e Pedro Seabra (bisou).\n<br><br>O quarto e último jogo do dia e da semana colocou frente-a-frente Informática vs 3º\nDesporto. No final da primeira parte, os informáticos levavam um avanço de uma bola a zero.\nO jogo viria a terminar 2-3, favorável à equipa de Ciências do Desporto. Em suma, foi um jogo\nbastante bem disputado que veio definir o 4º lugar para 3º Desporto (2 jogos, 1 vitória) e 5º\nlugar para Informática (3 jogos, 1 vitória). Para os informáticos marcaram Miguel Serrano e\nFilipe Figueira; para os desportistas marcaram Diogo Salgado, João Nobre e José Quito.\n<br><br>Depois da interrupção escolar das férias da Páscoa, terá início o Torneio do Reitor\nFeminino.'),('2017-04-21','Reitor Pós-Páscoa','A quarta semana do Torneio do Reitor tem lugar na Arena de Évora. Quem dá o pontapé de saída neste primeiro dia são as equipas de RP (Reabilitac?ão Psicomotora) e Geologia. A primeira parte estava bastante equilibrada, tendo as equipas seguido para o intervalo com um 2-2 no marcador. Na segunda parte, os geo?logos resolveram as contas, terminando a partida com um volumoso 3-6. Para RP marcaram: Afonso Franco, João Barreto e Vasco Almeida. Para Geologia marcaram: Rafael Valongo (bisou) e João Almeida (com um poker).\n<br><br>O segundo jogo do dia terminou com o mesmo resultado que o primeiro, embora com intervenientes diferentes. A equipa RI Paco Nassa (Relações Internacionais) bate NETUE (Turismo) por 6 bolas a 3. No intervalo, RI já vencia por 3-2, tendo consolidado o resultado numa segunda parte muito bem conseguida por parte dos diplomatas. Para RI marcaram: Diogo Pec?as, Daniel Casbarra e David Nascimento (poker). Para NETUE marcaram: Miguel Canelas, Tomás Ruivo e Tiago Perdigão.\n<br><br>As goleadas pareciam não ter fim, e o terceiro encontro do dia veio confirmar isso mesmo. Psicologia defrontou NEBIOQUE (Bioquímica) e venceu por uns expressivos 5-3. Ao intervalo as contas estavam iguais para ambas as equipas (2-2), mas Psicologia acaba por levar a melhor sobre NEBIOQUE que não aguentou o ritmo de jogo que os seus adversários impuseram ao encontro. Para Psicologia marcaram: Luís Nepomuceno (bisou), João Varela, Gabriel Tomás e Emanuel Botas. Para NEBIOQUE faturaram: Nuno Torres, Luís Galvão e João Paixão.\n<br><br>O quarto e último jogo do dia colocou frente-a-frente duas das equipas mais equilibradas do grupo B: 3o Desporto vs Economia. Na primeira parte as equipas foram para o intervalo com 0-0 no marcador a mostrar que entre as duas não há muitas diferenc?as. O jogo acaba por ter um desenvolvimento escaldante, com alguns lances duvidosos, terminando com um golo nos u?ltimos segundos do final da partida. 1-0 para 3o Desporto, tento apontado por Diogo Salgado.\n<br><br>O segundo dia comec?ou com um interessante duelo entre Economia vs Informática. No primeiro dia desta semana a equipa de Economia fechou o dia com uma derrota num duelo muito aceso; neste segundo dia, abre o Torneio do Reitor com uma vitória sobre os engenheiros informáticos por 5-3. Para os economistas marcaram Afonso Mósca, Diogo Marques, Rafael Costa (bisou) e Tiago Pardal. Para os informáticos marcaram João Chiola, Daniel Serrano e Filipe Figueira.\n<br><br>A seguinte partida foi jogada entre NETUE (Turismo) e Cuidado Qu’é Desporto (1o ano de Ciências do Desporto). O jogo ficou resolvido desde cedo, tendo a equipa de desporto levado a melhor com a maior goleada, até ao momento, nesta décima quinta edic?ão do Torneio do Reitor. O jogo viria a terminar com uns expressivos 4-14. Para NETUE marcaram: Francisco Meneses (o guarda-redes que bisou na partida), Tiago Perdigão e Jorge Figueira. Para Cuidado Qu’é Desporto marcaram João Monte (hat-trick), Pedro Ferreira (bisou), Pedro Dionísio (bisou), Rodrigo Caetano (bisou), João Lopes, André Farinha (bisou) e Albert Pinho (bisou).\n<br><br>O terceiro encontro deu início ao VIII Torneio do Reitor Feminino e colocou frente-a-frente RP (Reabilitac?ão Psicomotora) vs SNIP (Biologia Humana). O vice-presidente da AAUE António Castro foi dar o pontapé-de-saída de mais um Torneio do Reitor Feminino que, acreditamos, será igualmente espetacular tal como nos anos anteriores. Para a história fica um avolumado\n0-12 a favor da equipa SNIP. Marcaram para as biólogas: Rita Rocha (fez a manita), Ana Piteira (com um hat-trick) e Gisela Bagão (com um poker).\nO quarto jogo do dia voltou a ser disputado entre duas equipas masculinas: Los Macarenas (2o ano de Cie?ncias do Desporto) vs RP (Reabilitac?ão Psicomotora). O resultado terminou exatamente igual ao jogo anterior: 12-0 para os desportistas. Marcaram: Marco Barradas, André Fonseca, Miguel Sequeira (fez uma manita), João Freixial, Marco Mira, Francisco Manteigas, Tiago Rolim e Duarte Baião.\n3o Desporto vs Dream Team (Gestão) encerram o dia de jogos com um encontro bastante bem disputado e decidido a ferros para os desportistas que levaram a melhor. A Dream Team foi para o intervalo a ganhar 1-2, resultado que 3o Desporto conseguiu virar na segunda parte para 3-4. Para 3o Desporto marcaram: João Nobre, José Quito e António Lapa (bisou). Para Dream Team marcaram Sérgio Pagaime, Rui Bento e Fábio Potes.\nO terceiro dia desta semana tem um início atribulado e, por questões que ultrapassam a organizac?ão, 3 dos 6 jogos que se iriam realizar tiveram que ser adiados. A abrir o dia entra em campo a equipa Geologia vs Mão no Canhão (Medicina Veterinária). Os geo?logos terminam a primeira parte a vencer por uns consideráveis 3-0. Na segunda parte o ritmo manteve-se e, embora o notável esforc?o dos médicos veterinários que ainda empataram a segunda parte, acabam por perder 6-3. Para Geologia marcaram Gregório Serrão e João Almeida que, com o pé quente, fez uma manita. Para Mão no Canhão marcaram Francisco Guerreiro (bisou na partida) e Miguel Santos.\nO segundo jogo do dia foi disputado entre NEBIOQUE (Bioquímica) vs RI Paco Nassa (Relações Internacionais). A primeira parte termina com um curto 0-1 para os diplomatas. O jogo viria a terminar com um 0-3 a confirmar a superioridade da equipa contra NEBIOQUE. Para RI Paco Nassa marcaram: David Nascimento e Henrique Barradas (bisou).\nA u?ltima partida foi jogada entre C.F. Canelas 2017 (Gestão) e Los Macarenas (2o ano de Cie?ncias do Desporto). Na primeira parte o jogo termina empatado 2-2, no entanto a equipa de desporto confirmou o seu favoritismo conseguindo os 3 pontos com uma vitória por 2-6. Para os gestores marcaram: He?lder Correia e Gonc?alo Almeida. Para Los Macarenas marcaram: Francisco Manteigas (bisou), André Fonseca, Tiago Rolim e Gonc?alo Oliveira (bisou).\nA fase de grupos do Torneio do Reitor masculino já comec?a a aproximar-se do fim e podemos já tirar algumas conclusões. No grupo A, Psicologia cimenta o 1o lugar 3 pontos à frente do segundo classificado (mas com um jogo a mais). Cuidado Qu’é Desporto ocupa, isolado, o 2o lugar do grupo, enquanto Mecatrons e RI Paco Nassa estão empatados no 3o lugar em igualdade pontual (podendo ainda almejar a passagem à próxima fase). No grupo B, Economia e 3o Desporto mantêm a igualdade pontual, ambos no 1o lugar do grupo. O FC Baile de Munique ocupa assim a terceira posic?ão do grupo, com mais uma vitória que o 4o classificado (Dream Team) mas também com um jogo a mais. No grupo C, Los Macarenas ocupam a 1a posic?ão do grupo, com mais uma vitória mas também mais um jogo que o 2o classificado – NEBUE. O C.F. Canelas ocupa a 3a posic?ão em igualdade pontual com Geologia. Posto isto, entende-se que está tudo em aberto nesta XV edic?ão do Torneio do Reitor Masculino! Previsões para os próximos jogos? O Reitor Tips está à tua espera!\n');
/*!40000 ALTER TABLE `tr2018_noticias` ENABLE KEYS */;
UNLOCK TABLES;
/*!40103 SET TIME_ZONE=@OLD_TIME_ZONE */;

/*!40101 SET SQL_MODE=@OLD_SQL_MODE */;
/*!40014 SET FOREIGN_KEY_CHECKS=@OLD_FOREIGN_KEY_CHECKS */;
/*!40014 SET UNIQUE_CHECKS=@OLD_UNIQUE_CHECKS */;
/*!40101 SET CHARACTER_SET_CLIENT=@OLD_CHARACTER_SET_CLIENT */;
/*!40101 SET CHARACTER_SET_RESULTS=@OLD_CHARACTER_SET_RESULTS */;
/*!40101 SET COLLATION_CONNECTION=@OLD_COLLATION_CONNECTION */;
/*!40111 SET SQL_NOTES=@OLD_SQL_NOTES */;

-- Dump completed on 2018-02-03 17:07:29
